D;energy;sweeps;denergy;dSchmidt;min_Schmidt
64;-495.5912830384035;153;7.958078640513122e-13;1.9384455256889933e-12;7.144084893967453e-06
