D;energy;sweeps;denergy;dSchmidt;min_Schmidt
64;-30.127933934231983;11;1.1368683772161603e-13;6.390265290925129e-11;1.8776331515452143e-07
