D;energy;sweeps;denergy;dSchmidt;min_Schmidt
64;-28.296580643283377;10;8.881784197001252e-14;2.43632228623135e-11;4.499205615179046e-08
