D;energy;sweeps;denergy;dSchmidt;min_Schmidt
64;-124.36068778782989;24;2.5579538487363607e-13;4.616457883370877e-13;2.39938325212185e-06
