D;energy;sweeps;denergy;dSchmidt;min_Schmidt
64;-23.55278522054584;8;9.237055564881302e-14;2.512532333103635e-11;1.5217515389973767e-09
