D;energy;sweeps;denergy;dSchmidt;min_Schmidt
64;-507.79929721344996;40;7.958078640513122e-13;5.8324281654407585e-12;2.2405023354833414e-05
