D;energy;sweeps;denergy;dSchmidt;min_Schmidt
64;-503.89676467275154;206;5.115907697472721e-13;3.632338441727316e-12;1.498074248524287e-05
