D;energy;sweeps;denergy;dSchmidt;min_Schmidt
64;-126.26472307891157;34;2.7000623958883807e-13;7.955619211276478e-13;4.493829932394882e-06
