D;energy;sweeps;denergy;dSchmidt;min_Schmidt
64;-471.1523547994938;218;9.094947017729282e-13;5.697537722398621e-13;2.1461621559012608e-06
