D;energy;sweeps;denergy;dSchmidt;min_Schmidt
64;-120.3807650849161;18;9.947598300641403e-14;9.867846670936769e-13;1.0173040151831834e-06
