D;energy;sweeps;denergy;dSchmidt;min_Schmidt
64;-31.031726091579113;12;7.460698725481052e-14;8.867244318071814e-11;3.2793754007466064e-07
