D;energy;sweeps;denergy;dSchmidt;min_Schmidt
64;-109.19862652294418;13;1.1368683772161603e-13;4.8334768709204187e-11;1.4191248936584878e-07
